author_complete_name,author_given_name,author_surname,title,journal,doi,author_order,total_number_authors,automated_gender,automated_certainty,manual_gender
Dougherty L.R.,Liam,Dougherty,Male alternative reproductive tactics and sperm competition: a meta-analysis,Biological Reviews,10.1111/brv.12846,1,4,male,1,male
Skirrow M.J.A.,Michael,Skirrow,Male alternative reproductive tactics and sperm competition: a meta-analysis,Biological Reviews,10.1111/brv.12846,2,4,male,1,male
Jennions M.D.,Michael,Jennions,Male alternative reproductive tactics and sperm competition: a meta-analysis,Biological Reviews,10.1111/brv.12846,3,4,male,1,male
Simmons L.W.,Leigh,Simmons,Male alternative reproductive tactics and sperm competition: a meta-analysis,Biological Reviews,10.1111/brv.12846,4,4,female,0.71,male
Culina A.,Antica,Culina,No evidence of immediate fitness benefits of within-season divorce in monogamous birds,Biology Letters,10.1098/rsbl.2021.0671,1,2,male,0.59,female
Brouwer L.,Lyanne,Brouwer,No evidence of immediate fitness benefits of within-season divorce in monogamous birds,Biology Letters,10.1098/rsbl.2021.0671,2,2,female,1,female
Janicke T.,Tim,Janicke,Sexual selection and sexual size dimorphism in animals,Biology Letters,10.1098/rsbl.2021.0251,1,2,male,1,male
Fromonteil S.,Salomé,Fromonteil,Sexual selection and sexual size dimorphism in animals,Biology Letters,10.1098/rsbl.2021.0251,2,2,female,1,female
Goldberg R.L.,Rebecca,Goldberg,The costs and benefits of paternal care in fish: A meta-analysis: Female choice for male care in fish,Proceedings of the Royal Society B: Biological Sciences,10.1098/rspb.2020.1759,1,4,female,1,female
Downing P.A.,Philip,Downing,The costs and benefits of paternal care in fish: A meta-analysis: Female choice for male care in fish,Proceedings of the Royal Society B: Biological Sciences,10.1098/rspb.2020.1759,2,4,male,1,male
Griffin A.S.,Ashleigh,Griffin,The costs and benefits of paternal care in fish: A meta-analysis: Female choice for male care in fish,Proceedings of the Royal Society B: Biological Sciences,10.1098/rspb.2020.1759,3,4,female,1,female
Green J.P.,Jonathan,Green,The costs and benefits of paternal care in fish: A meta-analysis: Female choice for male care in fish,Proceedings of the Royal Society B: Biological Sciences,10.1098/rspb.2020.1759,4,4,male,1,male
Cally J.,Justin,Cally,Meta-analytic evidence that sexual selection improves population fitness,Nature Communications,10.1038/s41467-019-10074-7,1,3,male,1,male
Stuart-Fox D.,Devi,Stuart-Fox,Meta-analytic evidence that sexual selection improves population fitness,Nature Communications,10.1038/s41467-019-10074-7,2,3,female,0.98,female
Holman L.,Luke,Holman,Meta-analytic evidence that sexual selection improves population fitness,Nature Communications,10.1038/s41467-019-10074-7,3,3,male,1,male
Robinson C.M.,Cristina,Robinson,Species-level repertoire size predicts a correlation between individual song elaboration and reproductive success,Ecology and Evolution,10.1002/ece3.5418,1,2,female,1,female
Creanza N.,Nicole,Creanza,Species-level repertoire size predicts a correlation between individual song elaboration and reproductive success,Ecology and Evolution,10.1002/ece3.5418,2,2,female,1,female
Dougherty L.R.,Liam,Dougherty,The effect of experimental design on the measurement of mate choice: A meta-analysis,Behavioral Ecology,10.1093/beheco/aru125,1,2,male,1,male
Shuker D.M.,David,Shuker,The effect of experimental design on the measurement of mate choice: A meta-analysis,Behavioral Ecology,10.1093/beheco/aru125,2,2,male,1,male
Prokuda A.Y.,Alexandra,Prokuda,"The quantitative genetics of sexually selected traits, preferred traits and preference: A review and analysis of the data",Journal of Evolutionary Biology,10.1111/jeb.12483,1,2,female,0.99,female
Roff D.A.,Derek,Roff,"The quantitative genetics of sexually selected traits, preferred traits and preference: A review and analysis of the data",Journal of Evolutionary Biology,10.1111/jeb.12483,2,2,male,1,male
Isvaran K.,Kavita,Isvaran,How general is a female mating preference for clustered males in lekking species? A meta-analysis,Animal Behaviour,10.1016/j.anbehav.2013.05.036,1,2,female,1,female
Ponkshe A.,Aditya,Ponkshe,How general is a female mating preference for clustered males in lekking species? A meta-analysis,Animal Behaviour,10.1016/j.anbehav.2013.05.036,2,2,male,1,male
Ihle M.,Malika,Ihle,Revisiting the evidence for inbreeding avoidance in zebra finches,Behavioral Ecology,10.1093/beheco/art074,1,2,female,0.99,female
Forstmeier W.,Wolfgang,Forstmeier,Revisiting the evidence for inbreeding avoidance in zebra finches,Behavioral Ecology,10.1093/beheco/art074,2,2,male,1,male
Simons M.,Mirre,Simons,What does carotenoid-dependent coloration tell? Plasma carotenoid level signals immunocompetence and oxidative stress state in birds-a meta-analysis,PLoS ONE,10.1371/journal.pone.0043088,1,3,female,0.75,male
Cohen A.,Alan,Cohen,What does carotenoid-dependent coloration tell? Plasma carotenoid level signals immunocompetence and oxidative stress state in birds-a meta-analysis,PLoS ONE,10.1371/journal.pone.0043088,2,3,male,1,male
Verhulst S.,Simon,Verhulst,What does carotenoid-dependent coloration tell? Plasma carotenoid level signals immunocompetence and oxidative stress state in birds-a meta-analysis,PLoS ONE,10.1371/journal.pone.0043088,3,3,male,1,male
delBarco-Trillo J.,Javier,delBarco-Trillo,Adjustment of sperm allocation under high risk of sperm competition across taxa: A meta-analysis,Journal of Evolutionary Biology,10.1111/j.1420-9101.2011.02293.x,1,1,male,1,male
Simons M.,Mirre,Simons,Zebra finch females prefer males with redder bills independent of song rate-a meta-analysis,Behavioral Ecology,10.1093/beheco/arr043,1,2,female,0.75,male
Verhulst S.,Simon,Verhulst,Zebra finch females prefer males with redder bills independent of song rate-a meta-analysis,Behavioral Ecology,10.1093/beheco/arr043,2,2,male,1,male
Joly D.,Dominique,Joly,Coevolution of male and female reproductive structures in Drosophila,Genetica,10.1007/s10709-009-9392-9,1,2,male,0.56,male
Schiffer M.,Michele,Schiffer,Coevolution of male and female reproductive structures in Drosophila,Genetica,10.1007/s10709-009-9392-9,2,2,female,0.78,NA
Boncoraglio G.,Giuseppe,Boncoraglio,Habitat structure and the evolution of bird song: A meta-analysis of the evidence for the acoustic adaptation hypothesis,Functional Ecology,10.1111/j.1365-2435.2006.01207.x,1,2,male,1,male
Saino N.,Nicola,Saino,Habitat structure and the evolution of bird song: A meta-analysis of the evidence for the acoustic adaptation hypothesis,Functional Ecology,10.1111/j.1365-2435.2006.01207.x,2,2,male,0.83,male
Bernasconi G.,Giorgina,Bernasconi,Fertilization competence and sperm size variation in sperm-heteromorphic insects,Evolutionary Ecology,10.1007/s10682-004-7594-2,1,2,female,0.99,female
Hellriegel B.,Barbara,Hellriegel,Fertilization competence and sperm size variation in sperm-heteromorphic insects,Evolutionary Ecology,10.1007/s10682-004-7594-2,2,2,female,1,female
Bailey W.J.,Winston,Bailey,Duetting in insects - Does call length influence reply latency?,Journal of Zoology,10.1017/S0952836903003728,1,2,male,1,male
Hammond T.J.,Thomas,Hammond,Duetting in insects - Does call length influence reply latency?,Journal of Zoology,10.1017/S0952836903003728,2,2,male,1,male
Dubois F.,Frédérique,Dubois,Breeding success and mate retention in birds: A meta-analysis,Behavioral Ecology and Sociobiology,10.1007/s00265-002-0521-z,1,2,female,0.96,female
Cézilly F.,Frank,Cézilly,Breeding success and mate retention in birds: A meta-analysis,Behavioral Ecology and Sociobiology,10.1007/s00265-002-0521-z,2,2,male,1,male
Florin A.B.,Ann-Britt,Florin,Laboratory environments are not conducive for allopatric speciation,Journal of Evolutionary Biology,10.1046/j.1420-9101.2002.00356.x,1,2,NA,NA,female
Ödeen A.,Anders,Ödeen,Laboratory environments are not conducive for allopatric speciation,Journal of Evolutionary Biology,10.1046/j.1420-9101.2002.00356.x,2,2,male,1,male
Jennions M.D.,Michael,Jennions,Sexually selected traits and adult survival: A meta-analysis,Quarterly Review of Biology,10.1086/393743,1,3,male,1,male
Moller A.P.,Anders,Moller,Sexually selected traits and adult survival: A meta-analysis,Quarterly Review of Biology,10.1086/393743,2,3,male,1,male
Petrie M.,Marion,Petrie,Sexually selected traits and adult survival: A meta-analysis,Quarterly Review of Biology,10.1086/393743,3,3,female,0.96,female
Arnqvist G.,Göran,Arnqvist,The evolution of polyandry: Multiple mating and female fitness in insects,Animal Behaviour,10.1006/anbe.2000.1446,1,2,male,1,male
Nilsson T.,Tina,Nilsson,The evolution of polyandry: Multiple mating and female fitness in insects,Animal Behaviour,10.1006/anbe.2000.1446,2,2,female,1,female
Fiske P.,Peder,Fiske,Mating success in lekking males: A meta-analysis,Behavioral Ecology,10.1093/beheco/9.4.328,1,3,male,1,male
Rintamäki P.,Pekka,Rintamäki,Mating success in lekking males: A meta-analysis,Behavioral Ecology,10.1093/beheco/9.4.328,2,3,male,0.99,male
Karvonen E.,Eevi,Karvonen,Mating success in lekking males: A meta-analysis,Behavioral Ecology,10.1093/beheco/9.4.328,3,3,female,0.98,female
Thornhill R.,Randy,Thornhill,The relative importance of size and asymmetry in sexual selection,Behavioral Ecology,10.1093/beheco/9.6.546,1,2,male,1,male
Moller A.P.,Anders,Moller,The relative importance of size and asymmetry in sexual selection,Behavioral Ecology,10.1093/beheco/9.6.546,2,2,male,1,male
Leung B.,Brian,Leung,Fluctuating asymmetry in relation to stress and fitness: Effects of trait type as revealed by meta-analysis,Ecoscience,10.1080/11956860.1996.11682357,1,2,male,1,male
Forbes M.R.,Mark,Forbes,Fluctuating asymmetry in relation to stress and fitness: Effects of trait type as revealed by meta-analysis,Ecoscience,10.1080/11956860.1996.11682357,2,2,male,1,male
Menezes J.C.T.,João,Menezes,Flight hampers the evolution of weapons in birds,Ecology Letters,10.1111/ele.13964,1,2,male,1,male
Palaoro A.V.,Alexandre,Palaoro,Flight hampers the evolution of weapons in birds,Ecology Letters,10.1111/ele.13964,2,2,male,0.99,male
Kim B.,Bora,Kim,Male size and reproductive performance in three species of livebearing fishes (Gambusia spp.): A systematic review and meta-analysis,Journal of Animal Ecology,10.1111/1365-2656.13554,1,4,male,0.91,female
Moran N.P.,Nicholas,Moran,Male size and reproductive performance in three species of livebearing fishes (Gambusia spp.): A systematic review and meta-analysis,Journal of Animal Ecology,10.1111/1365-2656.13554,2,4,male,1,male
Reinhold K.,Klaus,Reinhold,Male size and reproductive performance in three species of livebearing fishes (Gambusia spp.): A systematic review and meta-analysis,Journal of Animal Ecology,10.1111/1365-2656.13554,3,4,male,1,male
Sánchez-Tójar A.,Alfredo,Sánchez-Tójar,Male size and reproductive performance in three species of livebearing fishes (Gambusia spp.): A systematic review and meta-analysis,Journal of Animal Ecology,10.1111/1365-2656.13554,4,4,male,1,male
García-Roa R.,Roberto,García-Roa,Temperature as a modulator of sexual selection,Biological Reviews,10.1111/brv.12632,1,4,male,1,male
Garcia-Gonzalez F.,Francisco,Garcia-Gonzalez,Temperature as a modulator of sexual selection,Biological Reviews,10.1111/brv.12632,2,4,male,1,male
Noble D.W.A.,Daniel,Noble,Temperature as a modulator of sexual selection,Biological Reviews,10.1111/brv.12632,3,4,male,1,male
Carazo P.,Pau,Carazo,Temperature as a modulator of sexual selection,Biological Reviews,10.1111/brv.12632,4,4,male,0.87,male
Janicke T.,Tim,Janicke,Assortative mating in animals and its role for speciation,American Naturalist,10.1086/705825,1,5,male,1,male
Marie-Orleach L.,Lucas,Marie-Orleach,Assortative mating in animals and its role for speciation,American Naturalist,10.1086/705825,2,5,male,1,male
Aubier T.G.,Thomas,Aubier,Assortative mating in animals and its role for speciation,American Naturalist,10.1086/705825,3,5,male,1,male
Perrier C.,Charles,Perrier,Assortative mating in animals and its role for speciation,American Naturalist,10.1086/705825,4,5,male,1,male
Morrow E.H.,Edward,Morrow,Assortative mating in animals and its role for speciation,American Naturalist,10.1086/705825,5,5,male,1,male
Macartney E.L.,Erin,Macartney,Effects of nutrient limitation on sperm and seminal fluid: a systematic review and meta-analysis,Biological Reviews,10.1111/brv.12524,1,4,female,1,female
Crean A.J.,Angela,Crean,Effects of nutrient limitation on sperm and seminal fluid: a systematic review and meta-analysis,Biological Reviews,10.1111/brv.12524,2,4,female,1,female
Nakagawa S.,Shinichi,Nakagawa,Effects of nutrient limitation on sperm and seminal fluid: a systematic review and meta-analysis,Biological Reviews,10.1111/brv.12524,3,4,male,1,male
Bonduriansky R.,Russell,Bonduriansky,Effects of nutrient limitation on sperm and seminal fluid: a systematic review and meta-analysis,Biological Reviews,10.1111/brv.12524,4,4,male,1,male
Green D.,David,Green,Rarity of size-assortative mating in animals: Assessing the evidence with anuran amphibians,American Naturalist,10.1086/701124,1,1,male,1,male
Janicke T.,Tim,Janicke,Operational sex ratio predicts the opportunity and direction of sexual selection across animals,Ecology Letters,10.1111/ele.12907,1,2,male,1,male
Morrow E.H.,Edward,Morrow,Operational sex ratio predicts the opportunity and direction of sexual selection across animals,Ecology Letters,10.1111/ele.12907,2,2,male,1,male
Nieberding C.M.,Caroline,Nieberding,Laboratory social environment biases mating outcome: a first quantitative synthesis in a butterfly,Behavioral Ecology and Sociobiology,10.1007/s00265-017-2346-9,1,2,female,1,female
Holveck M.J.,Marie,Holveck,Laboratory social environment biases mating outcome: a first quantitative synthesis in a butterfly,Behavioral Ecology and Sociobiology,10.1007/s00265-017-2346-9,2,2,female,0.99,female
Janicke T.,Tim,Janicke,Evolutionary Biology: Darwinian sex roles confirmed across the animal kingdom,Science Advances,10.1126/sciadv.1500983,1,4,male,1,male
Häderer I.K.,Ines,Häderer,Evolutionary Biology: Darwinian sex roles confirmed across the animal kingdom,Science Advances,10.1126/sciadv.1500983,2,4,female,0.98,female
Lajeunesse M.J.,Marc,Lajeunesse,Evolutionary Biology: Darwinian sex roles confirmed across the animal kingdom,Science Advances,10.1126/sciadv.1500983,3,4,male,1,male
Anthes N.,Nils,Anthes,Evolutionary Biology: Darwinian sex roles confirmed across the animal kingdom,Science Advances,10.1126/sciadv.1500983,4,4,male,1,male
Lüpold S.,Stefan,Lüpold,No evidence for a trade-off between sperm length and male premating weaponry,Journal of Evolutionary Biology,10.1111/jeb.12742,1,4,male,1,male
Simmons L.W.,Leigh,Simmons,No evidence for a trade-off between sperm length and male premating weaponry,Journal of Evolutionary Biology,10.1111/jeb.12742,2,4,male,0.83,male
Tomkins J.,Joseph,Tomkins,No evidence for a trade-off between sperm length and male premating weaponry,Journal of Evolutionary Biology,10.1111/jeb.12742,3,4,male,1,male
Fitzpatrick J.L.,John,Fitzpatrick,No evidence for a trade-off between sperm length and male premating weaponry,Journal of Evolutionary Biology,10.1111/jeb.12742,4,4,male,1,male
Graham S.,Stuart,Graham,Size-assortative mating in simultaneous hermaphrodites: an experimental test and a meta-analysis,Behavioral Ecology and Sociobiology,10.1007/s00265-015-1999-5,1,9,male,1,male
Chapuis E.,Elodie,Chapuis,Size-assortative mating in simultaneous hermaphrodites: an experimental test and a meta-analysis,Behavioral Ecology and Sociobiology,10.1007/s00265-015-1999-5,2,9,female,0.99,female
Meconcelli S.,Stefania,Meconcelli,Size-assortative mating in simultaneous hermaphrodites: an experimental test and a meta-analysis,Behavioral Ecology and Sociobiology,10.1007/s00265-015-1999-5,3,9,female,1,female
Bonel N.,Nicolas,Bonel,Size-assortative mating in simultaneous hermaphrodites: an experimental test and a meta-analysis,Behavioral Ecology and Sociobiology,10.1007/s00265-015-1999-5,4,9,male,1,male
Sartori K.,Kevin,Sartori,Size-assortative mating in simultaneous hermaphrodites: an experimental test and a meta-analysis,Behavioral Ecology and Sociobiology,10.1007/s00265-015-1999-5,5,9,male,1,male
Christophe A.,Ananda,Christophe,Size-assortative mating in simultaneous hermaphrodites: an experimental test and a meta-analysis,Behavioral Ecology and Sociobiology,10.1007/s00265-015-1999-5,6,9,female,0.57,female
Alda P.,Pilar,Alda,Size-assortative mating in simultaneous hermaphrodites: an experimental test and a meta-analysis,Behavioral Ecology and Sociobiology,10.1007/s00265-015-1999-5,7,9,female,0.98,female
David P.,Patrice,David,Size-assortative mating in simultaneous hermaphrodites: an experimental test and a meta-analysis,Behavioral Ecology and Sociobiology,10.1007/s00265-015-1999-5,8,9,female,0.71,male
Janicke T.,Tim,Janicke,Size-assortative mating in simultaneous hermaphrodites: an experimental test and a meta-analysis,Behavioral Ecology and Sociobiology,10.1007/s00265-015-1999-5,9,9,male,1,male
Hsu Y.H.,Yu,Hsu,Are extra-pair males different from cuckolded males? A case study and a meta-analytic examination,Molecular Ecology,10.1111/mec.13124,1,5,male,0.53,female
Schroeder J.,Julia,Schroeder,Are extra-pair males different from cuckolded males? A case study and a meta-analytic examination,Molecular Ecology,10.1111/mec.13124,2,5,female,0.99,female
Winney I.,Isabel,Winney,Are extra-pair males different from cuckolded males? A case study and a meta-analytic examination,Molecular Ecology,10.1111/mec.13124,3,5,female,1,female
Burke T.,Terry,Burke,Are extra-pair males different from cuckolded males? A case study and a meta-analytic examination,Molecular Ecology,10.1111/mec.13124,4,5,male,0.79,male
Nakagawa S.,Shinichi,Nakagawa,Are extra-pair males different from cuckolded males? A case study and a meta-analytic examination,Molecular Ecology,10.1111/mec.13124,5,5,male,1,male
Greenfield M.D.,Michael,Greenfield,The dilemma of Fisherian sexual selection: Mate choice for indirect benefits despite rarity and overall weakness of trait-preference genetic correlation,Evolution,10.1111/evo.12542,1,4,male,1,male
Alem S.,Sylvain,Alem,The dilemma of Fisherian sexual selection: Mate choice for indirect benefits despite rarity and overall weakness of trait-preference genetic correlation,Evolution,10.1111/evo.12542,2,4,male,1,male
Limousin D.,Denis,Limousin,The dilemma of Fisherian sexual selection: Mate choice for indirect benefits despite rarity and overall weakness of trait-preference genetic correlation,Evolution,10.1111/evo.12542,3,4,male,0.97,male
Bailey N.W.,Nathan,Bailey,The dilemma of Fisherian sexual selection: Mate choice for indirect benefits despite rarity and overall weakness of trait-preference genetic correlation,Evolution,10.1111/evo.12542,4,4,male,1,male
Losdat S.,Sylvain,Losdat,Inbreeding depression in male gametic performance,Journal of Evolutionary Biology,10.1111/jeb.12403,1,3,male,1,male
Chang S.,Shu-Mei,Chang,Inbreeding depression in male gametic performance,Journal of Evolutionary Biology,10.1111/jeb.12403,2,3,NA,NA,female
Reid J.,Jane,Reid,Inbreeding depression in male gametic performance,Journal of Evolutionary Biology,10.1111/jeb.12403,3,3,female,1,female
Guindre-Parker S.,Sarah,Guindre-Parker,Revisiting the condition-dependence of melanin-based plumage,Journal of Avian Biology,10.1111/j.1600-048X.2013.00190.x,1,2,female,1,female
Love O.,Oliver,Love,Revisiting the condition-dependence of melanin-based plumage,Journal of Avian Biology,10.1111/j.1600-048X.2013.00190.x,2,2,male,1,male
Mautz B.S.,Brian,Mautz,Do male secondary sexual characters signal ejaculate quality? A meta-analysis,Biological Reviews,10.1111/brv.12022,1,3,male,1,male
Moller A.P.,Anders,Moller,Do male secondary sexual characters signal ejaculate quality? A meta-analysis,Biological Reviews,10.1111/brv.12022,2,3,male,1,male
Jennions M.D.,Michael,Jennions,Do male secondary sexual characters signal ejaculate quality? A meta-analysis,Biological Reviews,10.1111/brv.12022,3,3,male,1,male
Majolo B.,Bonaventura,Majolo,Fitness-related benefits of dominance in primates,American Journal of Physical Anthropology,10.1002/ajpa.22031,1,4,male,0.91,male
Lehmann J.,Julia,Lehmann,Fitness-related benefits of dominance in primates,American Journal of Physical Anthropology,10.1002/ajpa.22031,2,4,female,0.99,female
De Bortoli Vizioli A.,Aurora,De Bortoli Vizioli,Fitness-related benefits of dominance in primates,American Journal of Physical Anthropology,10.1002/ajpa.22031,3,4,female,1,female
Schino G.,Gabriele,Schino,Fitness-related benefits of dominance in primates,American Journal of Physical Anthropology,10.1002/ajpa.22031,4,4,male,0.85,male
Ord T.J.,Terry,Ord,Contrasting theory with the empirical data of species recognition,Evolution,10.1111/j.1558-5646.2011.01319.x,1,3,male,0.79,male
King L.,Léandra,King,Contrasting theory with the empirical data of species recognition,Evolution,10.1111/j.1558-5646.2011.01319.x,2,3,female,1,female
Young A.,Adrian,Young,Contrasting theory with the empirical data of species recognition,Evolution,10.1111/j.1558-5646.2011.01319.x,3,3,male,0.99,male
Kraaijeveld K.,Ken,Kraaijeveld,Sexual selection and speciation: The comparative evidence revisited,Biological Reviews,10.1111/j.1469-185X.2010.00150.x,1,3,male,1,male
Kraaijeveld-Smit F.,Femmie,Kraaijeveld-Smit,Sexual selection and speciation: The comparative evidence revisited,Biological Reviews,10.1111/j.1469-185X.2010.00150.x,2,3,female,0.82,female
Maan M.,Martine,Maan,Sexual selection and speciation: The comparative evidence revisited,Biological Reviews,10.1111/j.1469-185X.2010.00150.x,3,3,female,0.98,female
Kelly C.D.,Clint,Kelly,"The interrelationships between resource-holding potential, resource-value and reproductive success in territorial males: How much variation can we explain?",Behavioral Ecology and Sociobiology,10.1007/s00265-007-0518-8,1,1,male,1,male
Garamszegi L.Z.,Laszlo,Garamszegi,"Age-dependent expression of song in the collared flycatcher, Ficedula albicollis",Ethology,10.1111/j.1439-0310.2007.01337.x,1,6,male,0.99,male
Török J.,János,Török,"Age-dependent expression of song in the collared flycatcher, Ficedula albicollis",Ethology,10.1111/j.1439-0310.2007.01337.x,2,6,male,1,male
Hegyi G.,Gergely,Hegyi,"Age-dependent expression of song in the collared flycatcher, Ficedula albicollis",Ethology,10.1111/j.1439-0310.2007.01337.x,3,6,male,0.97,male
Szöllõsi E.,Eszter,Szöllõsi,"Age-dependent expression of song in the collared flycatcher, Ficedula albicollis",Ethology,10.1111/j.1439-0310.2007.01337.x,4,6,female,1,female
Rosivall B.,Balázs,Rosivall,"Age-dependent expression of song in the collared flycatcher, Ficedula albicollis",Ethology,10.1111/j.1439-0310.2007.01337.x,5,6,male,0.99,male
Eens M.,Marcel,Eens,"Age-dependent expression of song in the collared flycatcher, Ficedula albicollis",Ethology,10.1111/j.1439-0310.2007.01337.x,6,6,male,0.99,male
Garamszegi L.Z.,Laszlo,Garamszegi,Brain space for a learned task: Strong intraspecific evidence for neural correlates of singing behavior in songbirds,Brain Research Reviews,10.1016/j.brainresrev.2003.12.001,1,2,male,0.99,male
Eens M.,Marcel,Eens,Brain space for a learned task: Strong intraspecific evidence for neural correlates of singing behavior in songbirds,Brain Research Reviews,10.1016/j.brainresrev.2003.12.001,2,2,male,0.99,male
Gontard-Danek M.C.,Marine,Gontard-Danek,The strength of sexual selection: A metaanalysis of bird studies,Behavioral Ecology,10.1093/beheco/10.5.476,1,2,female,0.96,female
Moller A.P.,Anders,Moller,The strength of sexual selection: A metaanalysis of bird studies,Behavioral Ecology,10.1093/beheco/10.5.476,2,2,male,1,male
Hamilton W.J.,William,Hamilton,The Hamilton and Zuk hypothesis revisited: A meta-analytical approach,Behaviour,10.1163/156853997x00485,1,2,male,1,male
Poulin R.,Robert,Poulin,The Hamilton and Zuk hypothesis revisited: A meta-analytical approach,Behaviour,10.1163/156853997x00485,2,2,male,1,male
Hasik A.Z.,Adam,Hasik,Parasitism shapes selection by drastically reducing host fitness and increasing host fitness variation,Biology Letters,10.1098/rsbl.2022.0323,1,2,male,1,male
Siepielski A.M.,Adam,Siepielski,Parasitism shapes selection by drastically reducing host fitness and increasing host fitness variation,Biology Letters,10.1098/rsbl.2022.0323,2,2,male,1,male
Dougherty L.R.,Liam,Dougherty,Meta-analysis shows the evidence for context-dependent mating behaviour is inconsistent or weak across animals,Ecology Letters,10.1111/ele.13679,1,1,male,1,male
Rodríguez R.L.,Rafael,Rodríguez,Why the Static Allometry of Sexually-Selected Traits Is so Variable: The Importance of Function,Integrative and Comparative Biology,10.1093/icb/icz039,1,2,male,1,male
Eberhard W.G.,William,Eberhard,Why the Static Allometry of Sexually-Selected Traits Is so Variable: The Importance of Function,Integrative and Comparative Biology,10.1093/icb/icz039,2,2,male,1,male
Wang D.,Daiping,Wang,Scrutinizing assortative mating in birds,PLoS Biology,10.1371/journal.pbio.3000156,1,11,male,0.6,male
Forstmeier W.,Wolfgang,Forstmeier,Scrutinizing assortative mating in birds,PLoS Biology,10.1371/journal.pbio.3000156,2,11,male,1,male
Valcu M.,Mihai,Valcu,Scrutinizing assortative mating in birds,PLoS Biology,10.1371/journal.pbio.3000156,3,11,male,0.98,male
Dingemanse N.J.,Niels,Dingemanse,Scrutinizing assortative mating in birds,PLoS Biology,10.1371/journal.pbio.3000156,4,11,male,1,male
Bulla M.,Martin,Bulla,Scrutinizing assortative mating in birds,PLoS Biology,10.1371/journal.pbio.3000156,5,11,male,1,male
Both C.,Christiaan,Both,Scrutinizing assortative mating in birds,PLoS Biology,10.1371/journal.pbio.3000156,6,11,male,1,male
Duckworth R.A.,Renée,Duckworth,Scrutinizing assortative mating in birds,PLoS Biology,10.1371/journal.pbio.3000156,7,11,female,0.98,female
Kiere L.M.,Lynna,Kiere,Scrutinizing assortative mating in birds,PLoS Biology,10.1371/journal.pbio.3000156,8,11,female,1,female
Karell P.,Patrik,Karell,Scrutinizing assortative mating in birds,PLoS Biology,10.1371/journal.pbio.3000156,9,11,male,1,male
Albrecht T.,Tomáš,Albrecht,Scrutinizing assortative mating in birds,PLoS Biology,10.1371/journal.pbio.3000156,10,11,male,1,male
Kempenaers B.,Bart,Kempenaers,Scrutinizing assortative mating in birds,PLoS Biology,10.1371/journal.pbio.3000156,11,11,male,1,male
Weaver R.J.,Ryan,Weaver,Carotenoid metabolism strengthens the link between feather coloration and individual quality,Nature Communications,10.1038/s41467-017-02649-z,1,5,male,1,male
Santos E.S.A.,Eduardo,Santos,Carotenoid metabolism strengthens the link between feather coloration and individual quality,Nature Communications,10.1038/s41467-017-02649-z,2,5,male,1,male
Tucker A.M.,Anna,Tucker,Carotenoid metabolism strengthens the link between feather coloration and individual quality,Nature Communications,10.1038/s41467-017-02649-z,3,5,female,0.99,female
Wilson A.E.,Alan,Wilson,Carotenoid metabolism strengthens the link between feather coloration and individual quality,Nature Communications,10.1038/s41467-017-02649-z,4,5,male,1,male
Hill G.,Geoffrey,Hill,Carotenoid metabolism strengthens the link between feather coloration and individual quality,Nature Communications,10.1038/s41467-017-02649-z,5,5,male,1,male
Parker T.H.,Timothy,Parker,Subspecies status and methods explain strength of response to local versus foreign song by oscine birds in meta-analysis,Animal Behaviour,10.1016/j.anbehav.2018.05.023,1,5,male,1,male
Greig E.I.,Emma,Greig,Subspecies status and methods explain strength of response to local versus foreign song by oscine birds in meta-analysis,Animal Behaviour,10.1016/j.anbehav.2018.05.023,2,5,female,0.99,female
Nakagawa S.,Shinichi,Nakagawa,Subspecies status and methods explain strength of response to local versus foreign song by oscine birds in meta-analysis,Animal Behaviour,10.1016/j.anbehav.2018.05.023,3,5,male,1,male
Parra M.,Marcelina,Parra,Subspecies status and methods explain strength of response to local versus foreign song by oscine birds in meta-analysis,Animal Behaviour,10.1016/j.anbehav.2018.05.023,4,5,female,0.99,female
Dalisio A.C.,Anthony,Dalisio,Subspecies status and methods explain strength of response to local versus foreign song by oscine birds in meta-analysis,Animal Behaviour,10.1016/j.anbehav.2018.05.023,5,5,male,1,male
Anthes N.,Nils,Anthes,Measuring and interpreting sexual selection metrics: evaluation and guidelines,Methods in Ecology and Evolution,10.1111/2041-210X.12707,1,4,male,1,male
Häderer I.K.,Ines,Häderer,Measuring and interpreting sexual selection metrics: evaluation and guidelines,Methods in Ecology and Evolution,10.1111/2041-210X.12707,2,4,female,0.98,female
Michiels N.K.,Nico,Michiels,Measuring and interpreting sexual selection metrics: evaluation and guidelines,Methods in Ecology and Evolution,10.1111/2041-210X.12707,3,4,male,0.97,male
Janicke T.,Tim,Janicke,Measuring and interpreting sexual selection metrics: evaluation and guidelines,Methods in Ecology and Evolution,10.1111/2041-210X.12707,4,4,male,1,male
Harts A.M.F.,Anna,Harts,Mate guarding and frequent copulation in birds: A meta-analysis of their relationship to paternity and male phenotype,Evolution,10.1111/evo.13081,1,3,female,0.99,female
Booksmythe I.,Isobel,Booksmythe,Mate guarding and frequent copulation in birds: A meta-analysis of their relationship to paternity and male phenotype,Evolution,10.1111/evo.13081,2,3,female,1,female
Jennions M.D.,Michael,Jennions,Mate guarding and frequent copulation in birds: A meta-analysis of their relationship to paternity and male phenotype,Evolution,10.1111/evo.13081,3,3,male,1,male
Dougherty L.R.,Liam,Dougherty,Variation in pre- and post-copulatory sexual selection on male genital size in two species of lygaeid bug,Behavioral Ecology and Sociobiology,10.1007/s00265-016-2082-6,1,2,male,1,male
Shuker D.M.,David,Shuker,Variation in pre- and post-copulatory sexual selection on male genital size in two species of lygaeid bug,Behavioral Ecology and Sociobiology,10.1007/s00265-016-2082-6,2,2,male,1,male
Culina A.,Antica,Culina,Trading up: The fitness consequences of divorce in monogamous birds,Biological Reviews,10.1111/brv.12143,1,3,male,0.59,female
Radersma R.,Reinder,Radersma,Trading up: The fitness consequences of divorce in monogamous birds,Biological Reviews,10.1111/brv.12143,2,3,male,0.97,male
Sheldon B.C.,Ben,Sheldon,Trading up: The fitness consequences of divorce in monogamous birds,Biological Reviews,10.1111/brv.12143,3,3,male,0.99,male
Hegyi G.,Gergely,Hegyi,Direct benefits of mate choice: A meta-analysis of plumage colour and offspring feeding rates in birds,Science of Nature,10.1007/s00114-015-1311-6,1,3,male,0.97,male
Kötél D.,Dóra,Kötél,Direct benefits of mate choice: A meta-analysis of plumage colour and offspring feeding rates in birds,Science of Nature,10.1007/s00114-015-1311-6,2,3,female,1,female
Laczi M.,Miklós,Laczi,Direct benefits of mate choice: A meta-analysis of plumage colour and offspring feeding rates in birds,Science of Nature,10.1007/s00114-015-1311-6,3,3,male,0.99,male
Peixoto P.E.C.,Paulo,Peixoto,Do territorial butterflies show a macroecological fighting pattern in response to environmental stability?,Behavioural Processes,10.1016/j.beproc.2014.07.001,1,3,male,1,male
Medina A.,Anderson,Medina,Do territorial butterflies show a macroecological fighting pattern in response to environmental stability?,Behavioural Processes,10.1016/j.beproc.2014.07.001,2,3,male,0.97,male
Mendoza-Cuenca L.,Luis,Mendoza-Cuenca,Do territorial butterflies show a macroecological fighting pattern in response to environmental stability?,Behavioural Processes,10.1016/j.beproc.2014.07.001,3,3,male,1,male
Vieira M.,Marcos,Vieira,Winners and losers: A meta-analysis of functional determinants of fighting ability in arthropod contests,Functional Ecology,10.1111/1365-2435.12051,1,2,male,1,male
Peixoto P.E.C.,Paulo,Peixoto,Winners and losers: A meta-analysis of functional determinants of fighting ability in arthropod contests,Functional Ecology,10.1111/1365-2435.12051,2,2,male,1,male
Yukilevich R.,Roman,Yukilevich,Asymmetrical patterns of speciation uniquely support reinforcement in drosophila,Evolution,10.1111/j.1558-5646.2011.01534.x,1,1,male,0.99,male
Slatyer R.A.,Rachel,Slatyer,Estimating genetic benefits of polyandry from experimental studies: A meta-analysis,Biological Reviews,10.1111/j.1469-185X.2011.00182.x,1,4,female,1,female
Mautz B.S.,Brian,Mautz,Estimating genetic benefits of polyandry from experimental studies: A meta-analysis,Biological Reviews,10.1111/j.1469-185X.2011.00182.x,2,4,male,1,male
Backwell P.R.Y.,Patricia,Backwell,Estimating genetic benefits of polyandry from experimental studies: A meta-analysis,Biological Reviews,10.1111/j.1469-185X.2011.00182.x,3,4,female,1,female
Jennions M.D.,Michael,Jennions,Estimating genetic benefits of polyandry from experimental studies: A meta-analysis,Biological Reviews,10.1111/j.1469-185X.2011.00182.x,4,4,male,1,male
Hayward A.,April,Hayward,The cost of sex: Quantifying energetic investment in gamete production by males and females,PLoS ONE,10.1371/journal.pone.0016557,1,2,female,1,female
Gillooly J.,James,Gillooly,The cost of sex: Quantifying energetic investment in gamete production by males and females,PLoS ONE,10.1371/journal.pone.0016557,2,2,male,1,male
Weir L.K.,Laura,Weir,The influence of operational sex ratio on the intensity of competition for mates,American Naturalist,10.1086/657918,1,3,female,1,female
Grant J.W.A.,James,Grant,The influence of operational sex ratio on the intensity of competition for mates,American Naturalist,10.1086/657918,2,3,male,1,male
Hutchings J.A.,Jeffrey,Hutchings,The influence of operational sex ratio on the intensity of competition for mates,American Naturalist,10.1086/657918,3,3,male,1,male
Evans S.R.,Simon,Evans,"Age, sex and beauty: Methodological dependence of age- and sex-dichromatism in the great tit Parus major",Biological Journal of the Linnean Society,10.1111/j.1095-8312.2010.01548.x,1,4,male,1,male
Hinks A.E.,Amy,Hinks,"Age, sex and beauty: Methodological dependence of age- and sex-dichromatism in the great tit Parus major",Biological Journal of the Linnean Society,10.1111/j.1095-8312.2010.01548.x,2,4,female,1,female
Wilkin T.A.,Teddy,Wilkin,"Age, sex and beauty: Methodological dependence of age- and sex-dichromatism in the great tit Parus major",Biological Journal of the Linnean Society,10.1111/j.1095-8312.2010.01548.x,3,4,male,0.94,male
Sheldon B.C.,Ben,Sheldon,"Age, sex and beauty: Methodological dependence of age- and sex-dichromatism in the great tit Parus major",Biological Journal of the Linnean Society,10.1111/j.1095-8312.2010.01548.x,4,4,male,0.99,male
Parker T.H.,Timothy,Parker,The blue tit's song is an inconsistent signal of male condition,Behavioral Ecology,10.1093/beheco/arl041,1,3,male,1,male
Barr I.,Iain,Barr,The blue tit's song is an inconsistent signal of male condition,Behavioral Ecology,10.1093/beheco/arl041,2,3,male,1,male
Griffith S.,Simon,Griffith,The blue tit's song is an inconsistent signal of male condition,Behavioral Ecology,10.1093/beheco/arl041,3,3,male,1,male
Albrecht T.,Tomáš,Albrecht,The strength of direct selection against female promiscuity is associated with rates of extrapair fertilizations in socially monogamous songbirds,American Naturalist,10.1086/502633,1,3,male,1,male
Kreisinger J.,Jakub,Kreisinger,The strength of direct selection against female promiscuity is associated with rates of extrapair fertilizations in socially monogamous songbirds,American Naturalist,10.1086/502633,2,3,male,1,male
Piálek J.,Jaroslav,Piálek,The strength of direct selection against female promiscuity is associated with rates of extrapair fertilizations in socially monogamous songbirds,American Naturalist,10.1086/502633,3,3,male,0.99,male
Simmons L.W.,Leigh,Simmons,"The evolution of polyandry: Sperm competition, sperm selection, and offspring viability","Annual Review of Ecology, Evolution, and Systematics",10.1146/annurev.ecolsys.36.102403.112501,1,1,female,0.71,male
Arnqvist G.,Göran,Arnqvist,The evolution of infidelity in socially monogamous passerines: The strength of direct and indirect selection on extrapair copulation behavior in females,American Naturalist,10.1086/429350,1,2,male,1,male
Kirkpatrick M.,Mark,Kirkpatrick,The evolution of infidelity in socially monogamous passerines: The strength of direct and indirect selection on extrapair copulation behavior in females,American Naturalist,10.1086/429350,2,2,male,1,male
Arnqvist G.,Göran,Arnqvist,Assortative mating by size: A meta-analysis of mating patterns in water striders,Evolutionary Ecology,10.1007/BF01237684,1,4,male,1,male
Rowe L.,Locke,Rowe,Assortative mating by size: A meta-analysis of mating patterns in water striders,Evolutionary Ecology,10.1007/BF01237684,2,4,male,0.94,male
Krupa J.J.,James,Krupa,Assortative mating by size: A meta-analysis of mating patterns in water striders,Evolutionary Ecology,10.1007/BF01237684,3,4,male,1,male
Sih A.,Andy,Sih,Assortative mating by size: A meta-analysis of mating patterns in water striders,Evolutionary Ecology,10.1007/BF01237684,4,4,male,0.98,male
Nolazco S.,Sergio,Nolazco,Ornaments are equally informative in male and female birds,Nature Communications,10.1038/s41467-022-33548-7,1,4,male,1,male
Delhey K.,Kaspar,Delhey,Ornaments are equally informative in male and female birds,Nature Communications,10.1038/s41467-022-33548-7,2,4,male,1,male
Nakagawa S.,Shinichi,Nakagawa,Ornaments are equally informative in male and female birds,Nature Communications,10.1038/s41467-022-33548-7,3,4,male,1,male
Peters A.,Anne,Peters,Ornaments are equally informative in male and female birds,Nature Communications,10.1038/s41467-022-33548-7,4,4,female,1,female
Palaoro A.V.,Alexandre,Palaoro,"The hidden links between animal weapons, fighting style, and their effect on contest success: a meta-analysis",Biological Reviews,10.1111/brv.12877,1,2,male,0.99,male
Peixoto P.E.C.,Paulo,Peixoto,"The hidden links between animal weapons, fighting style, and their effect on contest success: a meta-analysis",Biological Reviews,10.1111/brv.12877,2,2,male,1,male
Pilakouta N.,Natalie,Pilakouta,Effects of temperature on mating behaviour and mating success: A meta-analysis,Journal of Animal Ecology,10.1111/1365-2656.13761,1,2,female,1,female
Baillet A.,Anaїs,Baillet,Effects of temperature on mating behaviour and mating success: A meta-analysis,Journal of Animal Ecology,10.1111/1365-2656.13761,2,2,male,1,male
Lee P.L.M.,Patricia,Lee,Do female amphibians and reptiles have greater reproductive output if they have more mates?,Behavioral Ecology and Sociobiology,10.1007/s00265-022-03194-6,1,5,female,1,female
Sherman C.D.H.,Craig,Sherman,Do female amphibians and reptiles have greater reproductive output if they have more mates?,Behavioral Ecology and Sociobiology,10.1007/s00265-022-03194-6,2,5,male,1,male
Rollins L.A.,Lee,Rollins,Do female amphibians and reptiles have greater reproductive output if they have more mates?,Behavioral Ecology and Sociobiology,10.1007/s00265-022-03194-6,3,5,male,0.83,female
Wapstra E.,Erik,Wapstra,Do female amphibians and reptiles have greater reproductive output if they have more mates?,Behavioral Ecology and Sociobiology,10.1007/s00265-022-03194-6,4,5,male,1,male
Phillips K.P.,Karl,Phillips,Do female amphibians and reptiles have greater reproductive output if they have more mates?,Behavioral Ecology and Sociobiology,10.1007/s00265-022-03194-6,5,5,male,1,male
Hernández A.,América,Hernández,"Colourful traits in female birds relate to individual condition, reproductive performance and male-mate preferences: A meta-analytic approach",Biology Letters,10.1098/rsbl.2021.0283,1,4,female,1,female
Martínez-Gómez M.,Margarita,Martínez-Gómez,"Colourful traits in female birds relate to individual condition, reproductive performance and male-mate preferences: A meta-analytic approach",Biology Letters,10.1098/rsbl.2021.0283,2,4,female,1,female
Beamonte-Barrientos R.,René,Beamonte-Barrientos,"Colourful traits in female birds relate to individual condition, reproductive performance and male-mate preferences: A meta-analytic approach",Biology Letters,10.1098/rsbl.2021.0283,3,4,male,0.99,male
Montoya B.,Bibiana,Montoya,"Colourful traits in female birds relate to individual condition, reproductive performance and male-mate preferences: A meta-analytic approach",Biology Letters,10.1098/rsbl.2021.0283,4,4,female,1,female
Pike V.L.,Victoria,Pike,Why don't all animals avoid inbreeding?,Proceedings of the Royal Society B: Biological Sciences,10.1098/rspb.2021.1045,1,3,female,1,female
Cornwallis C.K.,Charlie,Cornwallis,Why don't all animals avoid inbreeding?,Proceedings of the Royal Society B: Biological Sciences,10.1098/rspb.2021.1045,2,3,male,0.87,male
Griffin A.S.,Ashleigh,Griffin,Why don't all animals avoid inbreeding?,Proceedings of the Royal Society B: Biological Sciences,10.1098/rspb.2021.1045,3,3,female,1,female
Rios Moura R.,Rafael,Rios Moura,Assortative mating in space and time: patterns and biases,Ecology Letters,10.1111/ele.13690,1,5,male,1,male
Oliveira Gonzaga M.,Marcelo,Oliveira Gonzaga,Assortative mating in space and time: patterns and biases,Ecology Letters,10.1111/ele.13690,2,5,male,1,male
Silva Pinto N.,Nelson,Silva Pinto,Assortative mating in space and time: patterns and biases,Ecology Letters,10.1111/ele.13690,3,5,male,1,male
Vasconcellos-Neto J.,João,Vasconcellos-Neto,Assortative mating in space and time: patterns and biases,Ecology Letters,10.1111/ele.13690,4,5,male,1,male
Requena G.S.,Gustavo,Requena,Assortative mating in space and time: patterns and biases,Ecology Letters,10.1111/ele.13690,5,5,male,1,male
Powers M.J.,Matthew,Powers,The relative importance of various mating criteria in copepods,Journal of Plankton Research,10.1093/plankt/fbz075,1,4,male,1,male
Wilson A.E.,Alan,Wilson,The relative importance of various mating criteria in copepods,Journal of Plankton Research,10.1093/plankt/fbz075,2,4,male,1,male
Heine K.B.,Kyle,Heine,The relative importance of various mating criteria in copepods,Journal of Plankton Research,10.1093/plankt/fbz075,3,4,male,1,male
Hill G.,Geoffrey,Hill,The relative importance of various mating criteria in copepods,Journal of Plankton Research,10.1093/plankt/fbz075,4,4,male,1,male
Jones B.,Blake,Jones,Mechanisms of Social Influence: A Meta-Analysis of the Effects of Social Information on Female Mate Choice Decisions,Frontiers in Ecology and Evolution,10.3389/fevo.2019.00390,1,2,male,0.98,male
DuVal E.,Emily,DuVal,Mechanisms of Social Influence: A Meta-Analysis of the Effects of Social Information on Female Mate Choice Decisions,Frontiers in Ecology and Evolution,10.3389/fevo.2019.00390,2,2,female,1,female
Sánchez-Tójar A.,Alfredo,Sánchez-Tójar,Meta-analysis challenges a textbook example of status signalling and demonstrates publication bias,eLife,10.7554/eLife.37385,1,12,male,1,male
Nakagawa S.,Shinichi,Nakagawa,Meta-analysis challenges a textbook example of status signalling and demonstrates publication bias,eLife,10.7554/eLife.37385,2,12,male,1,male
Sánchez-Fortún M.,Moisès,Sánchez-Fortún,Meta-analysis challenges a textbook example of status signalling and demonstrates publication bias,eLife,10.7554/eLife.37385,3,12,male,1,male
Martin D.A.,Dominic,Martin,Meta-analysis challenges a textbook example of status signalling and demonstrates publication bias,eLife,10.7554/eLife.37385,4,12,male,1,male
Ramani S.,Sukanya,Ramani,Meta-analysis challenges a textbook example of status signalling and demonstrates publication bias,eLife,10.7554/eLife.37385,5,12,female,1,female
Girndt A.,Antje,Girndt,Meta-analysis challenges a textbook example of status signalling and demonstrates publication bias,eLife,10.7554/eLife.37385,6,12,female,0.99,female
Bókony V.,Veronika,Bókony,Meta-analysis challenges a textbook example of status signalling and demonstrates publication bias,eLife,10.7554/eLife.37385,7,12,female,0.99,female
Kempenaers B.,Bart,Kempenaers,Meta-analysis challenges a textbook example of status signalling and demonstrates publication bias,eLife,10.7554/eLife.37385,8,12,male,1,male
Liker A.,András,Liker,Meta-analysis challenges a textbook example of status signalling and demonstrates publication bias,eLife,10.7554/eLife.37385,9,12,male,0.99,male
Westneat D.F.,David,Westneat,Meta-analysis challenges a textbook example of status signalling and demonstrates publication bias,eLife,10.7554/eLife.37385,10,12,male,1,male
Burke T.,Terry,Burke,Meta-analysis challenges a textbook example of status signalling and demonstrates publication bias,eLife,10.7554/eLife.37385,11,12,male,0.79,male
Schroeder J.,Julia,Schroeder,Meta-analysis challenges a textbook example of status signalling and demonstrates publication bias,eLife,10.7554/eLife.37385,12,12,female,0.99,female
Janicke T.,Tim,Janicke,Sexual selection predicts species richness across the animal kingdom,Proceedings of the Royal Society B: Biological Sciences,10.1098/rspb.2018.0173,1,4,male,1,male
Ritchie M.G.,Michael,Ritchie,Sexual selection predicts species richness across the animal kingdom,Proceedings of the Royal Society B: Biological Sciences,10.1098/rspb.2018.0173,2,4,male,1,male
Morrow E.H.,Edward,Morrow,Sexual selection predicts species richness across the animal kingdom,Proceedings of the Royal Society B: Biological Sciences,10.1098/rspb.2018.0173,3,4,male,1,male
Marie-Orleach L.,Lucas,Marie-Orleach,Sexual selection predicts species richness across the animal kingdom,Proceedings of the Royal Society B: Biological Sciences,10.1098/rspb.2018.0173,4,4,male,1,male
Street S.E.,Sally,Street,Exaggerated sexual swellings in female nonhuman primates are reliable signals of female fertility and body condition,Animal Behaviour,10.1016/j.anbehav.2015.11.023,1,3,female,1,female
Cross C.P.,Catharine,Cross,Exaggerated sexual swellings in female nonhuman primates are reliable signals of female fertility and body condition,Animal Behaviour,10.1016/j.anbehav.2015.11.023,2,3,female,1,female
Brown G.R.,Gillian,Brown,Exaggerated sexual swellings in female nonhuman primates are reliable signals of female fertility and body condition,Animal Behaviour,10.1016/j.anbehav.2015.11.023,3,3,female,0.99,female
Moore F.R.,Fhionna,Moore,Stress and sexual signaling: A systematic review and meta-analysis,Behavioral Ecology,10.1093/beheco/arv195,1,3,NA,NA,female
Shuker D.M.,David,Shuker,Stress and sexual signaling: A systematic review and meta-analysis,Behavioral Ecology,10.1093/beheco/arv195,2,3,male,1,male
Dougherty L.R.,Liam,Dougherty,Stress and sexual signaling: A systematic review and meta-analysis,Behavioral Ecology,10.1093/beheco/arv195,3,3,male,1,male
Parker T.H.,Timothy,Parker,What do we really know about the signalling role of plumage colour in blue tits? A case study of impediments to progress in evolutionary biology,Biological Reviews,10.1111/brv.12013,1,1,male,1,male
Jiang Y.,Yuexin,Jiang,Assortative mating in animals,American Naturalist,10.1086/670160,1,3,female,0.78,female
Bolnick D.,Daniel,Bolnick,Assortative mating in animals,American Naturalist,10.1086/670160,2,3,male,1,male
Kirkpatrick M.,Mark,Kirkpatrick,Assortative mating in animals,American Naturalist,10.1086/670160,3,3,male,1,male
Mori B.,Boyd,Mori,When mating disruption does not disrupt mating: Fitness consequences of delayed mating in moths,Entomologia Experimentalis et Applicata,10.1111/j.1570-7458.2012.01309.x,1,2,male,1,male
Evenden M.,Maya,Evenden,When mating disruption does not disrupt mating: Fitness consequences of delayed mating in moths,Entomologia Experimentalis et Applicata,10.1111/j.1570-7458.2012.01309.x,2,2,female,0.99,female
Prokop Z.,Zofia,Prokop,"Meta-analysis suggests choosy females get sexy sons more than ""Good genes""",Evolution,10.1111/j.1558-5646.2012.01654.x,1,5,female,0.99,female
Michalczyk Ł.,Łukasz,Michalczyk,"Meta-analysis suggests choosy females get sexy sons more than ""Good genes""",Evolution,10.1111/j.1558-5646.2012.01654.x,2,5,male,1,male
Drobniak S.,Szymon,Drobniak,"Meta-analysis suggests choosy females get sexy sons more than ""Good genes""",Evolution,10.1111/j.1558-5646.2012.01654.x,3,5,male,1,male
Herdegen M.,Magdalena,Herdegen,"Meta-analysis suggests choosy females get sexy sons more than ""Good genes""",Evolution,10.1111/j.1558-5646.2012.01654.x,4,5,female,0.99,female
Radwan J.,Jacek,Radwan,"Meta-analysis suggests choosy females get sexy sons more than ""Good genes""",Evolution,10.1111/j.1558-5646.2012.01654.x,5,5,male,1,male
McLean M.J.,Morgan,McLean,"Male quality, signal reliability and female choice: Assessing the expectations of inter-sexual selection",Journal of Evolutionary Biology,10.1111/j.1420-9101.2012.02533.x,1,3,male,0.79,male
Bishop P.J.,Phillip,Bishop,"Male quality, signal reliability and female choice: Assessing the expectations of inter-sexual selection",Journal of Evolutionary Biology,10.1111/j.1420-9101.2012.02533.x,2,3,male,1,male
Nakagawa S.,Shinichi,Nakagawa,"Male quality, signal reliability and female choice: Assessing the expectations of inter-sexual selection",Journal of Evolutionary Biology,10.1111/j.1420-9101.2012.02533.x,3,3,male,1,male
Kelly C.D.,Clint,Kelly,Sexual selection and sperm quantity: Meta-analyses of strategic ejaculation,Biological Reviews,10.1111/j.1469-185X.2011.00175.x,1,2,male,1,male
Jennions M.D.,Michael,Jennions,Sexual selection and sperm quantity: Meta-analyses of strategic ejaculation,Biological Reviews,10.1111/j.1469-185X.2011.00175.x,2,2,male,1,male
Santos E.S.A.,Eduardo,Santos,Dominance and plumage traits: Meta-analysis and metaregression analysis,Animal Behaviour,10.1016/j.anbehav.2011.03.022,1,3,male,1,male
Scheck D.,Delphine,Scheck,Dominance and plumage traits: Meta-analysis and metaregression analysis,Animal Behaviour,10.1016/j.anbehav.2011.03.022,2,3,female,0.99,female
Nakagawa S.,Shinichi,Nakagawa,Dominance and plumage traits: Meta-analysis and metaregression analysis,Animal Behaviour,10.1016/j.anbehav.2011.03.022,3,3,male,1,male
Meunier J.,Joël,Meunier,Eumelanin-based coloration and fitness parameters in birds: A meta-analysis,Behavioral Ecology and Sociobiology,10.1007/s00265-010-1092-z,1,4,male,1,male
Pinto S.F.,Susana,Pinto,Eumelanin-based coloration and fitness parameters in birds: A meta-analysis,Behavioral Ecology and Sociobiology,10.1007/s00265-010-1092-z,2,4,female,1,female
Burri R.,Reto,Burri,Eumelanin-based coloration and fitness parameters in birds: A meta-analysis,Behavioral Ecology and Sociobiology,10.1007/s00265-010-1092-z,3,4,male,0.99,male
Roulin A.,Alexandre,Roulin,Eumelanin-based coloration and fitness parameters in birds: A meta-analysis,Behavioral Ecology and Sociobiology,10.1007/s00265-010-1092-z,4,4,male,0.99,male
Parker T.H.,Timothy,Parker,Female mating preferences in red junglefowl: A meta-analysis,Ethology Ecology and Evolution,10.1080/08927014.2003.9522691,1,2,male,1,male
Ligon J.,David,Ligon,Female mating preferences in red junglefowl: A meta-analysis,Ethology Ecology and Evolution,10.1080/08927014.2003.9522691,2,2,male,1,male
Moller A.P.,Anders,Moller,How important are direct fitness benefits of sexual selection?,Naturwissenschaften,10.1007/s001140100255,1,2,male,1,male
Jennions M.D.,Michael,Jennions,How important are direct fitness benefits of sexual selection?,Naturwissenschaften,10.1007/s001140100255,2,2,male,1,male
Sokolovska N.,Natalia,Sokolovska,Fitness and body size in mature odonates,Ecological Entomology,10.1046/j.1365-2311.2000.00251.x,1,3,female,1,female
Rowe L.,Locke,Rowe,Fitness and body size in mature odonates,Ecological Entomology,10.1046/j.1365-2311.2000.00251.x,2,3,male,0.94,male
Johansson F.,Frank,Johansson,Fitness and body size in mature odonates,Ecological Entomology,10.1046/j.1365-2311.2000.00251.x,3,3,male,1,male
Moller A.P.,Anders,Moller,"Parasitism, host immune function, and sexual selection",Quarterly Review of Biology,10.1086/392949,1,3,male,1,male
Christe P.,Philippe,Christe,"Parasitism, host immune function, and sexual selection",Quarterly Review of Biology,10.1086/392949,2,3,male,1,male
Lux E.,E.,Lux,"Parasitism, host immune function, and sexual selection",Quarterly Review of Biology,10.1086/392949,3,3,NA,NA,NA
Maciel D.,Douglas,Maciel,Do reproductive characteristics of the species explain differences in the investment in weapon size present in males?,Ethology,10.1111/eth.13348,1,3,male,1,male
Oliveira R.,Reisla,Oliveira,Do reproductive characteristics of the species explain differences in the investment in weapon size present in males?,Ethology,10.1111/eth.13348,2,3,NA,NA,female
Peixoto P.E.C.,Paulo,Peixoto,Do reproductive characteristics of the species explain differences in the investment in weapon size present in males?,Ethology,10.1111/eth.13348,3,3,male,1,male
Fromonteil S.,Salomé,Fromonteil,Sexual selection in females and the evolution of polyandry,PLoS Biology,10.1371/journal.pbio.3001916,1,4,female,1,female
Marie-Orleach L.,Lucas,Marie-Orleach,Sexual selection in females and the evolution of polyandry,PLoS Biology,10.1371/journal.pbio.3001916,2,4,male,1,male
Winkler L.,Lennart,Winkler,Sexual selection in females and the evolution of polyandry,PLoS Biology,10.1371/journal.pbio.3001916,3,4,male,1,male
Janicke T.,Tim,Janicke,Sexual selection in females and the evolution of polyandry,PLoS Biology,10.1371/journal.pbio.3001916,4,4,male,1,male
Dharmarathne W.D.S.C.,Wijayamuni,Dharmarathne,Limitations of sperm transfer in the complex reproductive system of spiders,Biological Journal of the Linnean Society,10.1093/biolinnean/blab158,1,2,NA,NA,male
Herberstein M.E.,Mariella,Herberstein,Limitations of sperm transfer in the complex reproductive system of spiders,Biological Journal of the Linnean Society,10.1093/biolinnean/blab158,2,2,female,1,female
de Boer R.A.,Raïssa,de Boer,Meta-analytic evidence that animals rarely avoid inbreeding,Nature Ecology and Evolution,10.1038/s41559-021-01453-9,1,4,female,1,female
Vega-Trejo R.,Regina,Vega-Trejo,Meta-analytic evidence that animals rarely avoid inbreeding,Nature Ecology and Evolution,10.1038/s41559-021-01453-9,2,4,female,1,female
Kotrschal A.,Alexander,Kotrschal,Meta-analytic evidence that animals rarely avoid inbreeding,Nature Ecology and Evolution,10.1038/s41559-021-01453-9,3,4,male,1,male
Fitzpatrick J.L.,John,Fitzpatrick,Meta-analytic evidence that animals rarely avoid inbreeding,Nature Ecology and Evolution,10.1038/s41559-021-01453-9,4,4,male,1,male
Dougherty L.R.,Liam,Dougherty,Meta-analysis reveals that animal sexual signalling behaviour is honest and resource based,Nature Ecology and Evolution,10.1038/s41559-021-01409-z,1,1,male,1,male
Lüpold S.,Stefan,Lüpold,How sperm competition shapes the evolution of testes and sperm: A meta-analysis: Sperm competition meta-analysis,Philosophical Transactions of the Royal Society B: Biological Sciences,10.1098/rstb.2020.0064,1,5,male,1,male
De Boer R.A.,Raïssa,De Boer,How sperm competition shapes the evolution of testes and sperm: A meta-analysis: Sperm competition meta-analysis,Philosophical Transactions of the Royal Society B: Biological Sciences,10.1098/rstb.2020.0064,2,5,female,1,female
Evans J.P.,Jonathan,Evans,How sperm competition shapes the evolution of testes and sperm: A meta-analysis: Sperm competition meta-analysis,Philosophical Transactions of the Royal Society B: Biological Sciences,10.1098/rstb.2020.0064,3,5,male,1,male
Tomkins J.L.,Joseph,Tomkins,How sperm competition shapes the evolution of testes and sperm: A meta-analysis: Sperm competition meta-analysis,Philosophical Transactions of the Royal Society B: Biological Sciences,10.1098/rstb.2020.0064,4,5,male,1,male
Fitzpatrick J.L.,John,Fitzpatrick,How sperm competition shapes the evolution of testes and sperm: A meta-analysis: Sperm competition meta-analysis,Philosophical Transactions of the Royal Society B: Biological Sciences,10.1098/rstb.2020.0064,5,5,male,1,male
Davies A.D.,Alice,Davies,A meta-analysis of factors influencing the strength of mate-choice copying in animals,Behavioral Ecology,10.1093/beheco/araa064,1,3,female,1,female
Lewis Z.,Zenobia,Lewis,A meta-analysis of factors influencing the strength of mate-choice copying in animals,Behavioral Ecology,10.1093/beheco/araa064,2,3,female,0.99,female
Dougherty L.R.,Liam,Dougherty,A meta-analysis of factors influencing the strength of mate-choice copying in animals,Behavioral Ecology,10.1093/beheco/araa064,3,3,male,1,male
White T.E.,Thomas,White,Structural colours reflect individual quality: A meta-analysis,Biology Letters,10.1098/rsbl.2020.0001,1,1,male,1,male
Crean A.J.,Angela,Crean,High-fat diets reduce male reproductive success in animal models: A systematic review and meta-analysis,Obesity Reviews,10.1111/obr.12827,1,2,female,1,female
Senior A.M.,Alistair,Senior,High-fat diets reduce male reproductive success in animal models: A systematic review and meta-analysis,Obesity Reviews,10.1111/obr.12827,2,2,male,1,male
Winternitz J.,Jamie,Winternitz,Patterns of MHC-dependent mate selection in humans and nonhuman primates: a meta-analysis,Molecular Ecology,10.1111/mec.13920,1,5,male,0.63,female
Abbate J.L.,Jessica,Abbate,Patterns of MHC-dependent mate selection in humans and nonhuman primates: a meta-analysis,Molecular Ecology,10.1111/mec.13920,2,5,female,1,female
Huchard E.,Elise,Huchard,Patterns of MHC-dependent mate selection in humans and nonhuman primates: a meta-analysis,Molecular Ecology,10.1111/mec.13920,3,5,female,0.99,female
Havlíček J.,Jan,Havlíček,Patterns of MHC-dependent mate selection in humans and nonhuman primates: a meta-analysis,Molecular Ecology,10.1111/mec.13920,4,5,male,0.91,male
Garamszegi L.Z.,Laszlo,Garamszegi,Patterns of MHC-dependent mate selection in humans and nonhuman primates: a meta-analysis,Molecular Ecology,10.1111/mec.13920,5,5,male,0.99,male
Koch R.,Rebecca,Koch,The importance of carotenoid dose in supplementation studies with songbirds,Physiological and Biochemical Zoology,10.1086/684485,1,3,female,1,female
Wilson A.,Alan,Wilson,The importance of carotenoid dose in supplementation studies with songbirds,Physiological and Biochemical Zoology,10.1086/684485,2,3,male,1,male
Hill G.,Geoffrey,Hill,The importance of carotenoid dose in supplementation studies with songbirds,Physiological and Biochemical Zoology,10.1086/684485,3,3,male,1,male
Lüpold S.,Stefan,Lüpold,Sperm number trumps sperm size in mammalian ejaculate evolution,Proceedings of the Royal Society B: Biological Sciences,10.1098/rspb.2015.2122,1,2,male,1,male
Fitzpatrick J.L.,John,Fitzpatrick,Sperm number trumps sperm size in mammalian ejaculate evolution,Proceedings of the Royal Society B: Biological Sciences,10.1098/rspb.2015.2122,2,2,male,1,male
Voje K.,Kjetil,Voje,"Scaling of morphological characters across trait type, sex, and environment: A meta-analysis of static allometries",American Naturalist,10.1086/684159,1,1,male,1,male
Arct A.,Aneta,Arct,Genetic similarity between mates predicts extrapair paternity-a meta-analysis of bird studies,Behavioral Ecology,10.1093/beheco/arv004,1,3,female,0.99,female
Drobniak S.,Szymon,Drobniak,Genetic similarity between mates predicts extrapair paternity-a meta-analysis of bird studies,Behavioral Ecology,10.1093/beheco/arv004,2,3,male,1,male
Cichoń M.,Mariusz,Cichoń,Genetic similarity between mates predicts extrapair paternity-a meta-analysis of bird studies,Behavioral Ecology,10.1093/beheco/arv004,3,3,male,1,male
Kamiya T.,Tsukushi,Kamiya,A quantitative review of MHC-based mating preference: The role of diversity and dissimilarity,Molecular Ecology,10.1111/mec.12934,1,5,female,0.92,male
O'Dwyer K.,Katie,O'Dwyer,A quantitative review of MHC-based mating preference: The role of diversity and dissimilarity,Molecular Ecology,10.1111/mec.12934,2,5,female,1,female
Westerdahl H.,Helena,Westerdahl,A quantitative review of MHC-based mating preference: The role of diversity and dissimilarity,Molecular Ecology,10.1111/mec.12934,3,5,female,1,female
Senior A.,Alistair,Senior,A quantitative review of MHC-based mating preference: The role of diversity and dissimilarity,Molecular Ecology,10.1111/mec.12934,4,5,male,1,male
Nakagawa S.,Shinichi,Nakagawa,A quantitative review of MHC-based mating preference: The role of diversity and dissimilarity,Molecular Ecology,10.1111/mec.12934,5,5,male,1,male
De Jong K.,Karen,De Jong,Measuring mating competition correctly: Available evidence supports operational sex ratio theory,Behavioral Ecology,10.1093/beheco/ars094,1,4,female,1,female
Forsgren E.,Elisabet,Forsgren,Measuring mating competition correctly: Available evidence supports operational sex ratio theory,Behavioral Ecology,10.1093/beheco/ars094,2,4,female,1,female
Sandvik H.,Hanno,Sandvik,Measuring mating competition correctly: Available evidence supports operational sex ratio theory,Behavioral Ecology,10.1093/beheco/ars094,3,4,male,0.9,male
Amundsen T.,Trond,Amundsen,Measuring mating competition correctly: Available evidence supports operational sex ratio theory,Behavioral Ecology,10.1093/beheco/ars094,4,4,male,1,male
Cleasby I.R.,Ian,Cleasby,The influence of male age on within-pair and extra-pair paternity in passerines,Ibis,10.1111/j.1474-919X.2011.01209.x,1,2,male,1,male
Nakagawa S.,Shinichi,Nakagawa,The influence of male age on within-pair and extra-pair paternity in passerines,Ibis,10.1111/j.1474-919X.2011.01209.x,2,2,male,1,male
Griffith S.,Simon,Griffith,Melanin- versus carotenoid-based sexual signals: Is the difference really so black and red?,Animal Behaviour,10.1016/j.anbehav.2005.07.016,1,3,male,1,male
Parker T.H.,Timothy,Parker,Melanin- versus carotenoid-based sexual signals: Is the difference really so black and red?,Animal Behaviour,10.1016/j.anbehav.2005.07.016,2,3,male,1,male
Olson V.,Valérie,Olson,Melanin- versus carotenoid-based sexual signals: Is the difference really so black and red?,Animal Behaviour,10.1016/j.anbehav.2005.07.016,3,3,female,0.98,female
Garamszegi L.Z.,Laszlo,Garamszegi,Bird song and parasites,Behavioral Ecology and Sociobiology,10.1007/s00265-005-0041-8,1,1,male,0.99,male
Torres-Vila L.,Luis,Torres-Vila,Male mating history and female fecundity in the Lepidoptera: Do male virgins make better partners?,Behavioral Ecology and Sociobiology,10.1007/s00265-004-0857-7,1,2,male,1,male
Jennions M.D.,Michael,Jennions,Male mating history and female fecundity in the Lepidoptera: Do male virgins make better partners?,Behavioral Ecology and Sociobiology,10.1007/s00265-004-0857-7,2,2,male,1,male
Garamszegi L.Z.,Laszlo,Garamszegi,Extrapair paternity and the evolution of bird song,Behavioral Ecology,10.1093/beheco/arh041,1,2,male,0.99,male
Moller A.P.,Anders,Moller,Extrapair paternity and the evolution of bird song,Behavioral Ecology,10.1093/beheco/arh041,2,2,male,1,male
Hoekstra H.E.,Hopi,Hoekstra,Strength and tempo of directional selection in the wild,Proceedings of the National Academy of Sciences of the United States of America,10.1073/pnas.161281098,1,8,female,0.75,female
Hoekstra J.M.,Jonathan,Hoekstra,Strength and tempo of directional selection in the wild,Proceedings of the National Academy of Sciences of the United States of America,10.1073/pnas.161281098,2,8,male,1,male
Berrigan D.,David,Berrigan,Strength and tempo of directional selection in the wild,Proceedings of the National Academy of Sciences of the United States of America,10.1073/pnas.161281098,3,8,male,1,male
Vignieri S.N.,Sacha,Vignieri,Strength and tempo of directional selection in the wild,Proceedings of the National Academy of Sciences of the United States of America,10.1073/pnas.161281098,4,8,male,0.66,female
Hoang A.,Anhthu,Hoang,Strength and tempo of directional selection in the wild,Proceedings of the National Academy of Sciences of the United States of America,10.1073/pnas.161281098,5,8,female,1,female
Hill C.E.,C.,Hill,Strength and tempo of directional selection in the wild,Proceedings of the National Academy of Sciences of the United States of America,10.1073/pnas.161281098,6,8,NA,NA,NA
Beerli P.,Peter,Beerli,Strength and tempo of directional selection in the wild,Proceedings of the National Academy of Sciences of the United States of America,10.1073/pnas.161281098,7,8,male,1,male
Kingsolver J.G.,Joel,Kingsolver,Strength and tempo of directional selection in the wild,Proceedings of the National Academy of Sciences of the United States of America,10.1073/pnas.161281098,8,8,male,1,male
Moller A.P.,Anders,Moller,Good-genes effects in sexual selection,Proceedings of the Royal Society B: Biological Sciences,10.1098/rspb.1999.0607,1,2,male,1,male
Alatalo R.,Rauno,Alatalo,Good-genes effects in sexual selection,Proceedings of the Royal Society B: Biological Sciences,10.1098/rspb.1999.0607,2,2,male,0.98,male
Pollo P.,Pietro,Pollo,"The better, the choosier: A meta-analysis on interindividual variation of male mate choice",Ecology Letters,10.1111/ele.13981,1,3,male,1,male
Nakagawa S.,Shinichi,Nakagawa,"The better, the choosier: A meta-analysis on interindividual variation of male mate choice",Ecology Letters,10.1111/ele.13981,2,3,male,1,male
Kasumovic M.M.,Michael,Kasumovic,"The better, the choosier: A meta-analysis on interindividual variation of male mate choice",Ecology Letters,10.1111/ele.13981,3,3,male,1,male
White T.E.,Thomas,White,The exploitation of sexual signals by predators: A meta-Analysis,Proceedings of the Royal Society B: Biological Sciences,10.1098/rspb.2022.0444,1,3,male,1,male
Latty T.,Tanya,Latty,The exploitation of sexual signals by predators: A meta-Analysis,Proceedings of the Royal Society B: Biological Sciences,10.1098/rspb.2022.0444,2,3,female,1,female
Umbers K.D.L.,Kate,Umbers,The exploitation of sexual signals by predators: A meta-Analysis,Proceedings of the Royal Society B: Biological Sciences,10.1098/rspb.2022.0444,3,3,female,1,female
Soper D.M.,Deanna,Soper,Direct evidence for increased disease resistance in polyandrous broods exists only in eusocial Hymenoptera,BMC Ecology and Evolution,10.1186/s12862-021-01925-3,1,3,female,1,female
Ekroth A.K.E.,Alice,Ekroth,Direct evidence for increased disease resistance in polyandrous broods exists only in eusocial Hymenoptera,BMC Ecology and Evolution,10.1186/s12862-021-01925-3,2,3,female,1,female
Martins M.J.F.,Maria,Martins,Direct evidence for increased disease resistance in polyandrous broods exists only in eusocial Hymenoptera,BMC Ecology and Evolution,10.1186/s12862-021-01925-3,3,3,female,1,female
Ord T.J.,Terry,Ord,"Costs of territoriality: a review of hypotheses, meta-analysis, and field study",Oecologia,10.1007/s00442-021-05068-6,1,1,male,0.79,male
Rometsch S.J.,Sina,Rometsch,Evolutionary dynamics of pre- And postzygotic reproductive isolation in cichlid fishes: Reproductive isolation in cichlid fishes,Philosophical Transactions of the Royal Society B: Biological Sciences,10.1098/rstb.2019.0535,1,3,female,0.7,female
Torres-Dowdall J.,Julián,Torres-Dowdall,Evolutionary dynamics of pre- And postzygotic reproductive isolation in cichlid fishes: Reproductive isolation in cichlid fishes,Philosophical Transactions of the Royal Society B: Biological Sciences,10.1098/rstb.2019.0535,2,3,male,0.99,male
Meyer A.,Axel,Meyer,Evolutionary dynamics of pre- And postzygotic reproductive isolation in cichlid fishes: Reproductive isolation in cichlid fishes,Philosophical Transactions of the Royal Society B: Biological Sciences,10.1098/rstb.2019.0535,3,3,male,0.99,male
Myers J.N.,Jaelen,Myers,Associations between Ovarian Fluid and Sperm Swimming Trajectories in Marine and Freshwater Teleosts: A Meta-Analysis,Reviews in Fisheries Science and Aquaculture,10.1080/23308249.2020.1739623,1,5,male,0.67,female
Senior A.,Alistair,Senior,Associations between Ovarian Fluid and Sperm Swimming Trajectories in Marine and Freshwater Teleosts: A Meta-Analysis,Reviews in Fisheries Science and Aquaculture,10.1080/23308249.2020.1739623,2,5,male,1,male
Zadmajid V.,Vahid,Zadmajid,Associations between Ovarian Fluid and Sperm Swimming Trajectories in Marine and Freshwater Teleosts: A Meta-Analysis,Reviews in Fisheries Science and Aquaculture,10.1080/23308249.2020.1739623,3,5,male,1,male
Sørensen S.R.,Sune,Sørensen,Associations between Ovarian Fluid and Sperm Swimming Trajectories in Marine and Freshwater Teleosts: A Meta-Analysis,Reviews in Fisheries Science and Aquaculture,10.1080/23308249.2020.1739623,4,5,male,0.9,male
Butts I.A.E.,Ian,Butts,Associations between Ovarian Fluid and Sperm Swimming Trajectories in Marine and Freshwater Teleosts: A Meta-Analysis,Reviews in Fisheries Science and Aquaculture,10.1080/23308249.2020.1739623,5,5,male,1,male
Romano A.,Andrea,Romano,Viability and expression of sexual ornaments in the barn swallow Hirundo rustica: a meta-analysis,Journal of Evolutionary Biology,10.1111/jeb.13151,1,3,female,0.82,male
Saino N.,Nicola,Saino,Viability and expression of sexual ornaments in the barn swallow Hirundo rustica: a meta-analysis,Journal of Evolutionary Biology,10.1111/jeb.13151,2,3,male,0.83,male
Moller A.P.,Anders,Moller,Viability and expression of sexual ornaments in the barn swallow Hirundo rustica: a meta-analysis,Journal of Evolutionary Biology,10.1111/jeb.13151,3,3,male,1,male
Romano A.,Andrea,Romano,Geographical and seasonal variation in the intensity of sexual selection in the barn swallow Hirundo rustica: a meta-analysis,Biological Reviews,10.1111/brv.12297,1,5,female,0.82,male
Costanzo A.,Alessandra,Costanzo,Geographical and seasonal variation in the intensity of sexual selection in the barn swallow Hirundo rustica: a meta-analysis,Biological Reviews,10.1111/brv.12297,2,5,female,1,female
Rubolini D.,Diego,Rubolini,Geographical and seasonal variation in the intensity of sexual selection in the barn swallow Hirundo rustica: a meta-analysis,Biological Reviews,10.1111/brv.12297,3,5,male,1,male
Saino N.,Nicola,Saino,Geographical and seasonal variation in the intensity of sexual selection in the barn swallow Hirundo rustica: a meta-analysis,Biological Reviews,10.1111/brv.12297,4,5,male,0.83,male
Moller A.P.,Anders,Moller,Geographical and seasonal variation in the intensity of sexual selection in the barn swallow Hirundo rustica: a meta-analysis,Biological Reviews,10.1111/brv.12297,5,5,male,1,male
Senior A.M.,Alistair,Senior,Sperm traits of masculinized fish relative to wild-type males: A systematic review and meta-analyses,Metroeconomica,10.1111/faf.12096,1,3,male,1,male
Johnson S.L.,Sheri,Johnson,Sperm traits of masculinized fish relative to wild-type males: A systematic review and meta-analyses,Metroeconomica,10.1111/faf.12096,2,3,female,1,female
Nakagawa S.,Shinichi,Nakagawa,Sperm traits of masculinized fish relative to wild-type males: A systematic review and meta-analyses,Metroeconomica,10.1111/faf.12096,3,3,male,1,male
Zhang S.,Shi,Zhang,Effect of male mating history on female reproductive fitness in moths: A meta-analysis,Chinese Journal of Ecology,10.13292/j.1000-4890.201602.011,1,5,female,0.55,NA
Li D.,Dong,Li,Effect of male mating history on female reproductive fitness in moths: A meta-analysis,Chinese Journal of Ecology,10.13292/j.1000-4890.201602.011,2,5,male,0.99,male
Zeng J.,Ju,Zeng,Effect of male mating history on female reproductive fitness in moths: A meta-analysis,Chinese Journal of Ecology,10.13292/j.1000-4890.201602.011,3,5,male,0.54,NA
Wu X.,Xian,Wu,Effect of male mating history on female reproductive fitness in moths: A meta-analysis,Chinese Journal of Ecology,10.13292/j.1000-4890.201602.011,4,5,male,0.7,NA
Liu X.,Xing,Liu,Effect of male mating history on female reproductive fitness in moths: A meta-analysis,Chinese Journal of Ecology,10.13292/j.1000-4890.201602.011,5,5,male,0.63,NA
Rios Moura R.,Rafael,Rios Moura,The effect of operational sex ratio on the opportunity for sexual selection: A meta-analysis,Animal Behaviour,10.1016/j.anbehav.2013.07.002,1,2,male,1,male
Peixoto P.E.C.,Paulo,Peixoto,The effect of operational sex ratio on the opportunity for sexual selection: A meta-analysis,Animal Behaviour,10.1016/j.anbehav.2013.07.002,2,2,male,1,male
Parris K.,Kirsten,Parris,Predicting the effect of urban noise on the active space of avian vocal signals,American Naturalist,10.1086/671906,1,2,female,1,female
McCarthy M.,Michael,McCarthy,Predicting the effect of urban noise on the active space of avian vocal signals,American Naturalist,10.1086/671906,2,2,male,1,male
Seguin A.,Aurelie,Seguin,No band color effects on male courtship rate or body mass in the zebra finch: Four experiments and a meta-analysis,PLoS ONE,10.1371/journal.pone.0037785,1,2,female,0.99,female
Forstmeier W.,Wolfgang,Forstmeier,No band color effects on male courtship rate or body mass in the zebra finch: Four experiments and a meta-analysis,PLoS ONE,10.1371/journal.pone.0037785,2,2,male,1,male
South A.,Adam,South,The influence of male ejaculate quantity on female fitness: A meta-analysis,Biological Reviews,10.1111/j.1469-185X.2010.00145.x,1,2,male,1,male
Lewis S.,Sara,Lewis,The influence of male ejaculate quantity on female fitness: A meta-analysis,Biological Reviews,10.1111/j.1469-185X.2010.00145.x,2,2,female,0.99,female
Soma M.,Masayo,Soma,Rethinking birdsong evolution: Meta-analysis of the relationship between song complexity and reproductive success,Behavioral Ecology,10.1093/beheco/arq219,1,2,female,0.99,female
Garamszegi L.Z.,Laszlo,Garamszegi,Rethinking birdsong evolution: Meta-analysis of the relationship between song complexity and reproductive success,Behavioral Ecology,10.1093/beheco/arq219,2,2,male,0.99,male
Yasukawa K.,Ken,Yasukawa,Male Red-winged Blackbirds with experimentally dulled epaulets experience no disadvantage in sexual selection,Journal of Field Ornithology,10.1111/j.1557-9263.2009.00258.x,1,4,male,1,male
Enstrom D.A.,David,Enstrom,Male Red-winged Blackbirds with experimentally dulled epaulets experience no disadvantage in sexual selection,Journal of Field Ornithology,10.1111/j.1557-9263.2009.00258.x,2,4,male,1,male
Parker P.G.,Patricia,Parker,Male Red-winged Blackbirds with experimentally dulled epaulets experience no disadvantage in sexual selection,Journal of Field Ornithology,10.1111/j.1557-9263.2009.00258.x,3,4,female,1,female
Jones T.C.,Thomas,Jones,Male Red-winged Blackbirds with experimentally dulled epaulets experience no disadvantage in sexual selection,Journal of Field Ornithology,10.1111/j.1557-9263.2009.00258.x,4,4,male,1,male
Ord T.J.,Terry,Ord,Species Identity Cues in Animal Communication,American Naturalist,10.1086/605372,1,2,male,0.79,male
Stamps J.,Judy,Stamps,Species Identity Cues in Animal Communication,American Naturalist,10.1086/605372,2,2,female,1,female
Randler C.,Christoph,Randler,Mating patterns in avian hybrid zones - A meta-analysis and review,Ardea,10.5253/078.096.0108,1,1,male,1,male
Nakagawa S.,Shinichi,Nakagawa,Assessing the function of house sparrows' bib size using a flexible meta-analysis method,Behavioral Ecology,10.1093/beheco/arm050,1,5,male,1,male
Ockendon N.,Nancy,Ockendon,Assessing the function of house sparrows' bib size using a flexible meta-analysis method,Behavioral Ecology,10.1093/beheco/arm050,2,5,female,1,female
Gillespie D.O.S.,Duncan,Gillespie,Assessing the function of house sparrows' bib size using a flexible meta-analysis method,Behavioral Ecology,10.1093/beheco/arm050,3,5,male,1,male
Hatchwell B.J.,Ben,Hatchwell,Assessing the function of house sparrows' bib size using a flexible meta-analysis method,Behavioral Ecology,10.1093/beheco/arm050,4,5,male,0.99,male
Burke T.,Terry,Burke,Assessing the function of house sparrows' bib size using a flexible meta-analysis method,Behavioral Ecology,10.1093/beheco/arm050,5,5,male,0.79,male
Torres-Vila L.,Luis,Torres-Vila,Polyandry and fecundity in the Lepidoptera: Can methodological and conceptual approaches bias outcomes?,Behavioral Ecology and Sociobiology,10.1007/s00265-003-0712-2,1,3,male,1,male
Rodriguez-Molina M.C.,Maria C.,Rodriguez-Molina,Polyandry and fecundity in the Lepidoptera: Can methodological and conceptual approaches bias outcomes?,Behavioral Ecology and Sociobiology,10.1007/s00265-003-0712-2,2,3,NA,NA,female
Jennions M.D.,Michael,Jennions,Polyandry and fecundity in the Lepidoptera: Can methodological and conceptual approaches bias outcomes?,Behavioral Ecology and Sociobiology,10.1007/s00265-003-0712-2,3,3,male,1,male
Moller A.P.,Anders,Moller,Bilateral symmetry and sexual selection: A meta-analysis,American Naturalist,10.1086/286110,1,2,male,1,male
Thornhill R.,Randy,Thornhill,Bilateral symmetry and sexual selection: A meta-analysis,American Naturalist,10.1086/286110,2,2,male,1,male
Moller A.P.,Anders,Moller,Sperm competition and sexual selection: A meta-analysis of paternity studies of birds,Behavioral Ecology and Sociobiology,10.1007/s002650050501,1,2,male,1,male
Ninni P.,Paola,Ninni,Sperm competition and sexual selection: A meta-analysis of paternity studies of birds,Behavioral Ecology and Sociobiology,10.1007/s002650050501,2,2,female,1,female
Pomiankowski A.,Andrew,Pomiankowski,A resolution of the lek paradox,Proceedings of the Royal Society B: Biological Sciences,10.1098/rspb.1995.0054,1,2,male,1,male
Moller A.,Anders,Moller,A resolution of the lek paradox,Proceedings of the Royal Society B: Biological Sciences,10.1098/rspb.1995.0054,2,2,male,1,male
Alissa L.,Louise,Alissa,Effect of reproductive site limitation on the intensity of sexual selection and the quality of paternal care: a meta-analysis,Thesis,10.11606/D.41.2018.tde-23102018-090541,1,1,female,1,female
Aguiar Del Matto,Lygia,Aguiar Del Matto,Sperm competition games between majors and minors: a meta-regression of fishes with alternative mating tactics,Thesis,10.11606/D.41.2018.tde-20092018-145433,1,1,female,1,female
Macedo-Rego R.,Renato,Macedo-Rego,Post-mating episodes of sexual selection are ubiquitous in animal 220 species and the way we measure mating success matters: a meta-analysis,Thesis,10.11606/T.41.2020.tde-30112020-101600,1,1,male,1,male
Jennions M.D.,Michael,Jennions,Post-mating episodes of sexual selection are ubiquitous in animal 220 species and the way we measure mating success matters: a meta-analysis,Thesis,10.11606/T.41.2020.tde-30112020-101600,2,3,male,1,male
Santos E.S.A.,Eduardo,Santos,Post-mating episodes of sexual selection are ubiquitous in animal 220 species and the way we measure mating success matters: a meta-analysis,Thesis,10.11606/T.41.2020.tde-30112020-101600,3,3,male,1,male
Macedo-Rego R.,Renato,Macedo-Rego,Females are not monopolized by males: a meta-analysis contrasting mating systems in non-human animals,Thesis,10.11606/T.41.2020.tde-30112020-101600,1,3,male,1,male
Jennions M.D.,Michael,Jennions,Females are not monopolized by males: a meta-analysis contrasting mating systems in non-human animals,Thesis,10.11606/T.41.2020.tde-30112020-101600,2,3,male,1,male
Santos E.S.A.,Eduardo,Santos,Females are not monopolized by males: a meta-analysis contrasting mating systems in non-human animals,Thesis,10.11606/T.41.2020.tde-30112020-101600,3,3,male,1,male
Macedo-Rego R.,Renato,Macedo-Rego,"Larger females and larger males produce more offspring, regardless of the social mating system: a meta-analyses on animals",Thesis,10.11606/T.41.2020.tde-30112020-101600,1,3,male,1,male
Jennions M.D.,Michael,Jennions,"Larger females and larger males produce more offspring, regardless of the social mating system: a meta-analyses on animals",Thesis,10.11606/T.41.2020.tde-30112020-101600,2,3,male,1,male
Santos E.S.A.,Eduardo,Santos,"Larger females and larger males produce more offspring, regardless of the social mating system: a meta-analyses on animals",Thesis,10.11606/T.41.2020.tde-30112020-101600,3,3,male,1,male
Marmol S.,Sarai,Marmol,Impacto de los contaminantes en la calidad espermtica de los peces: revisin literaria y meta-anlisis,Thesis,NA,1,1,female,1,female
Akcai E.,Erol,Akcai,Extra-pair paternity in birds: review of the genetic benefits,Evolutionary Ecology Research,NA,1,2,male,0.98,male
Roughgarden J.,Joan,Roughgarden,Extra-pair paternity in birds: review of the genetic benefits,Evolutionary Ecology Research,NA,2,2,female,0.91,female
Dougherty L.R.,Liam,Dougherty,The effect of individual state on the strength of mate choice in females and males,Behavioural Ecology,10.1093/beheco/arac100,1,1,male,1,male
Gomez-Llano M.,Miguel,Gomez-Llano,"Male harm suppresses female fitness, affecting the dynamics of adaptation and evolutionary rescue",Evolution Letters,10.1093/evlett/qrac002,1,5,male,1,male
Faria G.S.,Goncalo,Faria,"Male harm suppresses female fitness, affecting the dynamics of adaptation and evolutionary rescue",Evolution Letters,10.1093/evlett/qrac002,2,5,male,0.99,male
Garcia-Roa R.,Roberto,Garcia-Roa,"Male harm suppresses female fitness, affecting the dynamics of adaptation and evolutionary rescue",Evolution Letters,10.1093/evlett/qrac002,3,5,male,1,male
Noble D.W.A.,Daniel,Noble,"Male harm suppresses female fitness, affecting the dynamics of adaptation and evolutionary rescue",Evolution Letters,10.1093/evlett/qrac002,4,5,male,1,male
Carazo P.,Pau,Carazo,"Male harm suppresses female fitness, affecting the dynamics of adaptation and evolutionary rescue",Evolution Letters,10.1093/evlett/qrac002,5,5,male,0.87,male
Richardson J.,Jon,Richardson,Unlike a virgin: a meta-analytical review of female mating status in studies of female mate choice,Behavioural Ecology,10.1093/beheco/arac091,1,2,male,1,male
Zuk M.,Marlene,Zuk,Unlike a virgin: a meta-analytical review of female mating status in studies of female mate choice,Behavioural Ecology,10.1093/beheco/arac091,2,2,female,1,female
